Metric,Value
MAE,3988.7071188479545
MSE,35914113.64612648
RMSE,5992.838529956108
MAPE,72.35661862348441
SMAPE,51.884693977024455
